{"Cabin": {"class_counts": [["D35", 1], ["C92", 1], ["E25", 1], ["B96 B98", 1], ["C22 C26", 1], ["B22", 1], ["G6", 1], ["B49", 1], ["C23 C25 C27", 1]], "avg_precision": 0.2692307692307692, "avg_recall": 0.3076923076923077, "avg_f1": 0.28205128205128205, "avg_accuracy": 0.4444444444444444, "weighted_precision": 0.3888888888888889, "weighted_recall": 0.4444444444444444, "weighted_f1": 0.4074074074074074, "weighted_accuracy": 0.4444444444444444, "class_precision": [0.0, 0.5, 0.0, 1.0, 0.0, 0.0, 1.0, 0.0, 1.0], "class_recall": [0.0, 1.0, 0.0, 1.0, 0.0, 0.0, 1.0, 0.0, 1.0], "class_f1": [0.0, 0.6666666666666666, 0.0, 1.0, 0.0, 0.0, 1.0, 0.0, 1.0], "class_accuracy": 0.4444444444444444, "num_classes": 9, "num_applicable_rows": 9, "confusion_matrix": [["D35", [["C126", 1]]], ["C92", [["C92", 1]]], ["E25", [["D17", 1]]], ["B96 B98", [["B96 B98", 1]]], ["C22 C26", [["C125", 1]]], ["B22", [["C2", 1]]], ["G6", [["G6", 1]]], ["B49", [["C92", 1]]], ["C23 C25 C27", [["C23 C25 C27", 1]]]], "precision_recall_curves": {"B96 B98": {"precision": [1.0, 1.0], "recall": [1.0, 0.0], "thresholds": [0.8614779710769653]}, "G6": {"precision": [1.0, 1.0], "recall": [1.0, 0.0], "thresholds": [0.65436190366745]}, "C23 C25 C27": {"precision": [1.0, 1.0], "recall": [1.0, 0.0], "thresholds": [0.603415310382843]}, "C22 C26": {"precision": [1.0, 1.0], "recall": [1.0, 0.0], "thresholds": [0.34353968501091003]}, "D35": {"precision": [1.0, 1.0], "recall": [1.0, 0.0], "thresholds": [0.03404036536812782]}, "E25": {"precision": [1.0, 1.0], "recall": [1.0, 0.0], "thresholds": [0.03898892551660538]}, "B49": {"precision": [1.0, 1.0], "recall": [1.0, 0.0], "thresholds": [0.17600345611572266]}, "B22": {"precision": [1.0, 1.0], "recall": [1.0, 0.0], "thresholds": [0.08274015039205551]}, "C92": {"precision": [0.5, 0.0, 1.0], "recall": [1.0, 0.0, 0.0], "thresholds": [0.17711958289146423, 0.18506543338298798]}}}}