{"Cabin": {"class_counts": [["G6", 1], ["B96 B98", 1], ["C22 C26", 1], ["C92", 1], ["B22", 1], ["B49", 1], ["C23 C25 C27", 1]], "avg_precision": 0.3888888888888889, "avg_recall": 0.4444444444444444, "avg_f1": 0.4074074074074074, "avg_accuracy": 0.5714285714285714, "weighted_precision": 0.5, "weighted_recall": 0.5714285714285714, "weighted_f1": 0.5238095238095238, "weighted_accuracy": 0.5714285714285714, "class_precision": [1.0, 1.0, 0.0, 0.5, 0.0, 0.0, 1.0], "class_recall": [1.0, 1.0, 0.0, 1.0, 0.0, 0.0, 1.0], "class_f1": [1.0, 1.0, 0.0, 0.6666666666666666, 0.0, 0.0, 1.0], "class_accuracy": 0.5714285714285714, "num_classes": 7, "num_applicable_rows": 7, "confusion_matrix": [["G6", [["G6", 1]]], ["B96 B98", [["B96 B98", 1]]], ["C22 C26", [["C125", 1]]], ["C92", [["C92", 1]]], ["B22", [["C2", 1]]], ["B49", [["C92", 1]]], ["C23 C25 C27", [["C23 C25 C27", 1]]]], "precision_recall_curves": {"G6": {"precision": [1.0, 1.0], "recall": [1.0, 0.0], "thresholds": [0.5571110248565674]}, "B96 B98": {"precision": [1.0, 1.0], "recall": [1.0, 0.0], "thresholds": [0.9452242255210876]}, "C23 C25 C27": {"precision": [1.0, 1.0], "recall": [1.0, 0.0], "thresholds": [0.7808607816696167]}, "C22 C26": {"precision": [1.0, 1.0], "recall": [1.0, 0.0], "thresholds": [0.39123958349227905]}, "B49": {"precision": [1.0, 1.0], "recall": [1.0, 0.0], "thresholds": [0.2344285398721695]}, "C92": {"precision": [1.0, 1.0], "recall": [1.0, 0.0], "thresholds": [0.2621031701564789]}, "B22": {"precision": [1.0, 1.0], "recall": [1.0, 0.0], "thresholds": [0.10818897932767868]}}}}